{
  "name": "scala",
  "argv": [
    "C:\\Users\\Mateusz\\AppData\\Local\\Coursier\\cache\\arc\\https\\github.com\\scala\\scala3\\releases\\download\\3.7.2\\scala3-3.7.2-x86_64-pc-win32.zip\\scala3-3.7.2-x86_64-pc-win32\\libexec\\scala-cli.exe",
    "--cli-default-scala-version",
    "3.7.2",
    "--repository",
    "file:///C:/Users/Mateusz/AppData/Local/Coursier/cache/arc/https/github.com/scala/scala3/releases/download/3.7.2/scala3-3.7.2-x86_64-pc-win32.zip/scala3-3.7.2-x86_64-pc-win32/maven2",
    "--prog-name",
    "scala",
    "--skip-cli-updates",
    "bsp",
    "--json-options",
    "C:\\Users\\Mateusz\\Desktop\\LTH_PGK_DOD\\PGK_Labb3_Blockmole\\.scala-build\\ide-options-v2.json",
    "--json-launcher-options",
    "C:\\Users\\Mateusz\\Desktop\\LTH_PGK_DOD\\PGK_Labb3_Blockmole\\.scala-build\\ide-launcher-options.json",
    "--envs-file",
    "C:\\Users\\Mateusz\\Desktop\\LTH_PGK_DOD\\PGK_Labb3_Blockmole\\.scala-build\\ide-envs.json",
    "C:\\Users\\Mateusz\\Desktop\\LTH_PGK_DOD\\PGK_Labb3_Blockmole\\blockmole.scala"
  ],
  "version": "1.8.4",
  "bspVersion": "2.1.1",
  "languages": [
    "scala",
    "java"
  ]
}