{"version":"1.4.0","project":{"name":"PGK_Labb3_Blockmole_21a5560a45-9093519038","directory":"C:\\Users\\Mateusz\\Desktop\\LTH_PGK_DOD\\PGK_Labb3_Blockmole\\.scala-build","workspaceDir":"C:\\Users\\Mateusz\\Desktop\\LTH_PGK_DOD\\PGK_Labb3_Blockmole","sources":["C:\\Users\\Mateusz\\Desktop\\LTH_PGK_DOD\\PGK_Labb3_Blockmole\\blockmole.scala"],"dependencies":[],"classpath":["C:\\Users\\Mateusz\\AppData\\Local\\Coursier\\cache\\arc\\https\\github.com\\scala\\scala3\\releases\\download\\3.7.2\\scala3-3.7.2-x86_64-pc-win32.zip\\scala3-3.7.2-x86_64-pc-win32\\maven2\\org\\scala-lang\\scala3-library_3\\3.7.2\\scala3-library_3-3.7.2.jar","C:\\Users\\Mateusz\\AppData\\Local\\Coursier\\cache\\v1\\https\\repo1.maven.org\\maven2\\se\\lth\\cs\\introprog_3\\1.4.0\\introprog_3-1.4.0.jar","C:\\Users\\Mateusz\\AppData\\Local\\Coursier\\cache\\arc\\https\\github.com\\scala\\scala3\\releases\\download\\3.7.2\\scala3-3.7.2-x86_64-pc-win32.zip\\scala3-3.7.2-x86_64-pc-win32\\maven2\\org\\scala-lang\\scala-library\\2.13.16\\scala-library-2.13.16.jar"],"out":"C:\\Users\\Mateusz\\Desktop\\LTH_PGK_DOD\\PGK_Labb3_Blockmole\\.scala-build\\.bloop\\PGK_Labb3_Blockmole_21a5560a45-9093519038","classesDir":"C:\\Users\\Mateusz\\Desktop\\LTH_PGK_DOD\\PGK_Labb3_Blockmole\\.scala-build\\PGK_Labb3_Blockmole_21a5560a45-9093519038\\classes\\main","scala":{"organization":"org.scala-lang","name":"scala-compiler","version":"3.7.2","options":["-sourceroot","C:\\Users\\Mateusz\\Desktop\\LTH_PGK_DOD\\PGK_Labb3_Blockmole"],"jars":["C:\\Users\\Mateusz\\AppData\\Local\\Coursier\\cache\\arc\\https\\github.com\\scala\\scala3\\releases\\download\\3.7.2\\scala3-3.7.2-x86_64-pc-win32.zip\\scala3-3.7.2-x86_64-pc-win32\\maven2\\org\\scala-lang\\scala3-compiler_3\\3.7.2\\scala3-compiler_3-3.7.2.jar","C:\\Users\\Mateusz\\AppData\\Local\\Coursier\\cache\\arc\\https\\github.com\\scala\\scala3\\releases\\download\\3.7.2\\scala3-3.7.2-x86_64-pc-win32.zip\\scala3-3.7.2-x86_64-pc-win32\\maven2\\org\\scala-lang\\scala3-interfaces\\3.7.2\\scala3-interfaces-3.7.2.jar","C:\\Users\\Mateusz\\AppData\\Local\\Coursier\\cache\\arc\\https\\github.com\\scala\\scala3\\releases\\download\\3.7.2\\scala3-3.7.2-x86_64-pc-win32.zip\\scala3-3.7.2-x86_64-pc-win32\\maven2\\org\\scala-lang\\scala3-library_3\\3.7.2\\scala3-library_3-3.7.2.jar","C:\\Users\\Mateusz\\AppData\\Local\\Coursier\\cache\\arc\\https\\github.com\\scala\\scala3\\releases\\download\\3.7.2\\scala3-3.7.2-x86_64-pc-win32.zip\\scala3-3.7.2-x86_64-pc-win32\\maven2\\org\\scala-lang\\tasty-core_3\\3.7.2\\tasty-core_3-3.7.2.jar","C:\\Users\\Mateusz\\AppData\\Local\\Coursier\\cache\\arc\\https\\github.com\\scala\\scala3\\releases\\download\\3.7.2\\scala3-3.7.2-x86_64-pc-win32.zip\\scala3-3.7.2-x86_64-pc-win32\\maven2\\org\\scala-lang\\modules\\scala-asm\\9.8.0-scala-1\\scala-asm-9.8.0-scala-1.jar","C:\\Users\\Mateusz\\AppData\\Local\\Coursier\\cache\\arc\\https\\github.com\\scala\\scala3\\releases\\download\\3.7.2\\scala3-3.7.2-x86_64-pc-win32.zip\\scala3-3.7.2-x86_64-pc-win32\\maven2\\org\\scala-sbt\\compiler-interface\\1.10.7\\compiler-interface-1.10.7.jar","C:\\Users\\Mateusz\\AppData\\Local\\Coursier\\cache\\arc\\https\\github.com\\scala\\scala3\\releases\\download\\3.7.2\\scala3-3.7.2-x86_64-pc-win32.zip\\scala3-3.7.2-x86_64-pc-win32\\maven2\\org\\jline\\jline-reader\\3.29.0\\jline-reader-3.29.0.jar","C:\\Users\\Mateusz\\AppData\\Local\\Coursier\\cache\\arc\\https\\github.com\\scala\\scala3\\releases\\download\\3.7.2\\scala3-3.7.2-x86_64-pc-win32.zip\\scala3-3.7.2-x86_64-pc-win32\\maven2\\org\\jline\\jline-terminal\\3.29.0\\jline-terminal-3.29.0.jar","C:\\Users\\Mateusz\\AppData\\Local\\Coursier\\cache\\arc\\https\\github.com\\scala\\scala3\\releases\\download\\3.7.2\\scala3-3.7.2-x86_64-pc-win32.zip\\scala3-3.7.2-x86_64-pc-win32\\maven2\\org\\jline\\jline-terminal-jni\\3.29.0\\jline-terminal-jni-3.29.0.jar","C:\\Users\\Mateusz\\AppData\\Local\\Coursier\\cache\\arc\\https\\github.com\\scala\\scala3\\releases\\download\\3.7.2\\scala3-3.7.2-x86_64-pc-win32.zip\\scala3-3.7.2-x86_64-pc-win32\\maven2\\org\\scala-lang\\scala-library\\2.13.16\\scala-library-2.13.16.jar","C:\\Users\\Mateusz\\AppData\\Local\\Coursier\\cache\\arc\\https\\github.com\\scala\\scala3\\releases\\download\\3.7.2\\scala3-3.7.2-x86_64-pc-win32.zip\\scala3-3.7.2-x86_64-pc-win32\\maven2\\org\\scala-sbt\\util-interface\\1.10.7\\util-interface-1.10.7.jar","C:\\Users\\Mateusz\\AppData\\Local\\Coursier\\cache\\arc\\https\\github.com\\scala\\scala3\\releases\\download\\3.7.2\\scala3-3.7.2-x86_64-pc-win32.zip\\scala3-3.7.2-x86_64-pc-win32\\maven2\\org\\jline\\jline-native\\3.29.0\\jline-native-3.29.0.jar"],"bridgeJars":["C:\\Users\\Mateusz\\AppData\\Local\\Coursier\\cache\\arc\\https\\github.com\\scala\\scala3\\releases\\download\\3.7.2\\scala3-3.7.2-x86_64-pc-win32.zip\\scala3-3.7.2-x86_64-pc-win32\\maven2\\org\\scala-lang\\scala3-sbt-bridge\\3.7.2\\scala3-sbt-bridge-3.7.2.jar"]},"java":{"options":[]},"platform":{"name":"jvm","config":{"home":"C:\\Program Files\\Eclipse Adoptium\\jdk-21.0.8.9-hotspot","options":[]},"mainClass":[]},"resolution":{"modules":[{"organization":"org.scala-lang","name":"scala3-library_3","version":"3.7.2","artifacts":[{"name":"scala3-library_3","path":"C:\\Users\\Mateusz\\AppData\\Local\\Coursier\\cache\\arc\\https\\github.com\\scala\\scala3\\releases\\download\\3.7.2\\scala3-3.7.2-x86_64-pc-win32.zip\\scala3-3.7.2-x86_64-pc-win32\\maven2\\org\\scala-lang\\scala3-library_3\\3.7.2\\scala3-library_3-3.7.2.jar"}]},{"organization":"se.lth.cs","name":"introprog_3","version":"1.4.0","artifacts":[{"name":"introprog_3","path":"C:\\Users\\Mateusz\\AppData\\Local\\Coursier\\cache\\v1\\https\\repo1.maven.org\\maven2\\se\\lth\\cs\\introprog_3\\1.4.0\\introprog_3-1.4.0.jar"}]},{"organization":"org.scala-lang","name":"scala-library","version":"2.13.16","artifacts":[{"name":"scala-library","path":"C:\\Users\\Mateusz\\AppData\\Local\\Coursier\\cache\\arc\\https\\github.com\\scala\\scala3\\releases\\download\\3.7.2\\scala3-3.7.2-x86_64-pc-win32.zip\\scala3-3.7.2-x86_64-pc-win32\\maven2\\org\\scala-lang\\scala-library\\2.13.16\\scala-library-2.13.16.jar"}]}]},"tags":["library"]}}