{
  "name": "scala",
  "argv": [
    "/usr/local/scala3-3.7.2/libexec/scala-cli",
    "--cli-default-scala-version",
    "3.7.2",
    "--repository",
    "file:///usr/local/scala3-3.7.2/maven2",
    "--prog-name",
    "scala",
    "--skip-cli-updates",
    "bsp",
    "--json-options",
    "/h/d3/r/ma1372sa-s/Desktop/PGK-DOD-main/PGK_Labb2_Irritext/irritext/src/main/scala/.scala-build/ide-options-v2.json",
    "--json-launcher-options",
    "/h/d3/r/ma1372sa-s/Desktop/PGK-DOD-main/PGK_Labb2_Irritext/irritext/src/main/scala/.scala-build/ide-launcher-options.json",
    "--envs-file",
    "/h/d3/r/ma1372sa-s/Desktop/PGK-DOD-main/PGK_Labb2_Irritext/irritext/src/main/scala/.scala-build/ide-envs.json",
    "/h/d3/r/ma1372sa-s/Desktop/PGK-DOD-main/PGK_Labb2_Irritext/irritext/src/main/scala/Main.scala"
  ],
  "version": "1.8.4",
  "bspVersion": "2.1.1",
  "languages": [
    "scala",
    "java"
  ]
}