{"version":"1.4.0","project":{"name":"scala_313127694b-3c2e3a75d6","directory":"/h/d3/r/ma1372sa-s/Desktop/PGK-DOD-main/PGK_Labb2_Irritext/irritext/src/main/scala/.scala-build","workspaceDir":"/h/d3/r/ma1372sa-s/Desktop/PGK-DOD-main/PGK_Labb2_Irritext/irritext/src/main/scala","sources":["/h/d3/r/ma1372sa-s/Desktop/PGK-DOD-main/PGK_Labb2_Irritext/irritext/src/main/scala/Main.scala"],"dependencies":[],"classpath":["/h/d3/r/ma1372sa-s/.cache/coursier/v1/https/repo1.maven.org/maven2/org/scala-lang/scala3-library_3/3.5.2/scala3-library_3-3.5.2.jar","/h/d3/r/ma1372sa-s/.cache/coursier/v1/https/repo1.maven.org/maven2/org/scala-lang/scala-library/2.13.14/scala-library-2.13.14.jar"],"out":"/h/d3/r/ma1372sa-s/Desktop/PGK-DOD-main/PGK_Labb2_Irritext/irritext/src/main/scala/.scala-build/.bloop/scala_313127694b-3c2e3a75d6","classesDir":"/h/d3/r/ma1372sa-s/Desktop/PGK-DOD-main/PGK_Labb2_Irritext/irritext/src/main/scala/.scala-build/scala_313127694b-3c2e3a75d6/classes/main","scala":{"organization":"org.scala-lang","name":"scala-compiler","version":"3.5.2","options":["-sourceroot","/h/d3/r/ma1372sa-s/Desktop/PGK-DOD-main/PGK_Labb2_Irritext/irritext/src/main/scala"],"jars":["/h/d3/r/ma1372sa-s/.cache/coursier/v1/https/repo1.maven.org/maven2/org/scala-lang/scala3-compiler_3/3.5.2/scala3-compiler_3-3.5.2.jar","/h/d3/r/ma1372sa-s/.cache/coursier/v1/https/repo1.maven.org/maven2/org/scala-lang/scala3-interfaces/3.5.2/scala3-interfaces-3.5.2.jar","/h/d3/r/ma1372sa-s/.cache/coursier/v1/https/repo1.maven.org/maven2/org/scala-lang/scala3-library_3/3.5.2/scala3-library_3-3.5.2.jar","/h/d3/r/ma1372sa-s/.cache/coursier/v1/https/repo1.maven.org/maven2/org/scala-lang/tasty-core_3/3.5.2/tasty-core_3-3.5.2.jar","/h/d3/r/ma1372sa-s/.cache/coursier/v1/https/repo1.maven.org/maven2/org/scala-lang/modules/scala-asm/9.7.0-scala-2/scala-asm-9.7.0-scala-2.jar","/h/d3/r/ma1372sa-s/.cache/coursier/v1/https/repo1.maven.org/maven2/org/scala-sbt/compiler-interface/1.9.6/compiler-interface-1.9.6.jar","/h/d3/r/ma1372sa-s/.cache/coursier/v1/https/repo1.maven.org/maven2/org/jline/jline-reader/3.25.1/jline-reader-3.25.1.jar","/h/d3/r/ma1372sa-s/.cache/coursier/v1/https/repo1.maven.org/maven2/org/jline/jline-terminal/3.25.1/jline-terminal-3.25.1.jar","/h/d3/r/ma1372sa-s/.cache/coursier/v1/https/repo1.maven.org/maven2/org/jline/jline-terminal-jna/3.25.1/jline-terminal-jna-3.25.1.jar","/h/d3/r/ma1372sa-s/.cache/coursier/v1/https/repo1.maven.org/maven2/org/scala-lang/scala-library/2.13.14/scala-library-2.13.14.jar","/h/d3/r/ma1372sa-s/.cache/coursier/v1/https/repo1.maven.org/maven2/org/scala-sbt/util-interface/1.9.8/util-interface-1.9.8.jar","/h/d3/r/ma1372sa-s/.cache/coursier/v1/https/repo1.maven.org/maven2/org/jline/jline-native/3.25.1/jline-native-3.25.1.jar","/h/d3/r/ma1372sa-s/.cache/coursier/v1/https/repo1.maven.org/maven2/net/java/dev/jna/jna/5.14.0/jna-5.14.0.jar"],"bridgeJars":["/h/d3/r/ma1372sa-s/.cache/coursier/v1/https/repo1.maven.org/maven2/org/scala-lang/scala3-sbt-bridge/3.5.2/scala3-sbt-bridge-3.5.2.jar"]},"java":{"options":[]},"platform":{"name":"jvm","config":{"home":"/usr/lib/jvm/java-21-openjdk-amd64","options":[]},"mainClass":[]},"resolution":{"modules":[{"organization":"org.scala-lang","name":"scala3-library_3","version":"3.5.2","artifacts":[{"name":"scala3-library_3","path":"/h/d3/r/ma1372sa-s/.cache/coursier/v1/https/repo1.maven.org/maven2/org/scala-lang/scala3-library_3/3.5.2/scala3-library_3-3.5.2.jar"}]},{"organization":"org.scala-lang","name":"scala-library","version":"2.13.14","artifacts":[{"name":"scala-library","path":"/h/d3/r/ma1372sa-s/.cache/coursier/v1/https/repo1.maven.org/maven2/org/scala-lang/scala-library/2.13.14/scala-library-2.13.14.jar"}]}]},"tags":["library"]}}