{
    "version": "1.4.0",
    "project": {
        "name": "root",
        "directory": "C:\\Users\\Mateusz\\Desktop\\LTH_PGK_DOD\\PGK_Labb2_Irritext\\irritext",
        "workspaceDir": "C:\\Users\\Mateusz\\Desktop\\LTH_PGK_DOD\\PGK_Labb2_Irritext\\irritext",
        "sources": [
            "C:\\Users\\Mateusz\\Desktop\\LTH_PGK_DOD\\PGK_Labb2_Irritext\\irritext\\src\\main\\scala",
            "C:\\Users\\Mateusz\\Desktop\\LTH_PGK_DOD\\PGK_Labb2_Irritext\\irritext\\src\\main\\scala-3",
            "C:\\Users\\Mateusz\\Desktop\\LTH_PGK_DOD\\PGK_Labb2_Irritext\\irritext\\src\\main\\java",
            "C:\\Users\\Mateusz\\Desktop\\LTH_PGK_DOD\\PGK_Labb2_Irritext\\irritext\\target\\scala-3.7.3\\src_managed\\main"
        ],
        "dependencies": [
            
        ],
        "classpath": [
            "C:\\Users\\Mateusz\\AppData\\Local\\Coursier\\Cache\\v1\\https\\repo1.maven.org\\maven2\\org\\scala-lang\\scala3-library_3\\3.7.3\\scala3-library_3-3.7.3.jar",
            "C:\\Users\\Mateusz\\AppData\\Local\\Coursier\\Cache\\v1\\https\\repo1.maven.org\\maven2\\org\\scala-lang\\scala-library\\2.13.16\\scala-library-2.13.16.jar"
        ],
        "out": "C:\\Users\\Mateusz\\Desktop\\LTH_PGK_DOD\\PGK_Labb2_Irritext\\irritext\\.bloop\\root",
        "classesDir": "C:\\Users\\Mateusz\\Desktop\\LTH_PGK_DOD\\PGK_Labb2_Irritext\\irritext\\.bloop\\root\\scala-3\\classes",
        "resources": [
            "C:\\Users\\Mateusz\\Desktop\\LTH_PGK_DOD\\PGK_Labb2_Irritext\\irritext\\src\\main\\resources",
            "C:\\Users\\Mateusz\\Desktop\\LTH_PGK_DOD\\PGK_Labb2_Irritext\\irritext\\target\\scala-3.7.3\\resource_managed\\main"
        ],
        "scala": {
            "organization": "org.scala-lang",
            "name": "scala-compiler",
            "version": "3.7.3",
            "options": [
                
            ],
            "jars": [
                "C:\\Users\\Mateusz\\AppData\\Local\\Coursier\\Cache\\v1\\https\\repo1.maven.org\\maven2\\org\\scala-lang\\scala3-library_3\\3.7.3\\scala3-library_3-3.7.3.jar",
                "C:\\Users\\Mateusz\\AppData\\Local\\Coursier\\Cache\\v1\\https\\repo1.maven.org\\maven2\\org\\scala-lang\\scala-library\\2.13.16\\scala-library-2.13.16.jar",
                "C:\\Users\\Mateusz\\AppData\\Local\\Coursier\\Cache\\v1\\https\\repo1.maven.org\\maven2\\org\\scala-lang\\scala3-compiler_3\\3.7.3\\scala3-compiler_3-3.7.3.jar",
                "C:\\Users\\Mateusz\\AppData\\Local\\Coursier\\Cache\\v1\\https\\repo1.maven.org\\maven2\\org\\scala-lang\\scala3-interfaces\\3.7.3\\scala3-interfaces-3.7.3.jar",
                "C:\\Users\\Mateusz\\AppData\\Local\\Coursier\\Cache\\v1\\https\\repo1.maven.org\\maven2\\org\\scala-lang\\tasty-core_3\\3.7.3\\tasty-core_3-3.7.3.jar",
                "C:\\Users\\Mateusz\\AppData\\Local\\Coursier\\Cache\\v1\\https\\repo1.maven.org\\maven2\\org\\scala-lang\\modules\\scala-asm\\9.8.0-scala-1\\scala-asm-9.8.0-scala-1.jar",
                "C:\\Users\\Mateusz\\AppData\\Local\\Coursier\\Cache\\v1\\https\\repo1.maven.org\\maven2\\org\\scala-sbt\\compiler-interface\\1.10.7\\compiler-interface-1.10.7.jar",
                "C:\\Users\\Mateusz\\AppData\\Local\\Coursier\\Cache\\v1\\https\\repo1.maven.org\\maven2\\org\\jline\\jline-reader\\3.29.0\\jline-reader-3.29.0.jar",
                "C:\\Users\\Mateusz\\AppData\\Local\\Coursier\\Cache\\v1\\https\\repo1.maven.org\\maven2\\org\\jline\\jline-terminal\\3.29.0\\jline-terminal-3.29.0.jar",
                "C:\\Users\\Mateusz\\AppData\\Local\\Coursier\\Cache\\v1\\https\\repo1.maven.org\\maven2\\org\\jline\\jline-terminal-jni\\3.29.0\\jline-terminal-jni-3.29.0.jar",
                "C:\\Users\\Mateusz\\AppData\\Local\\Coursier\\Cache\\v1\\https\\repo1.maven.org\\maven2\\org\\scala-sbt\\util-interface\\1.10.7\\util-interface-1.10.7.jar",
                "C:\\Users\\Mateusz\\AppData\\Local\\Coursier\\Cache\\v1\\https\\repo1.maven.org\\maven2\\org\\jline\\jline-native\\3.29.0\\jline-native-3.29.0.jar",
                "C:\\Users\\Mateusz\\AppData\\Local\\Coursier\\Cache\\v1\\https\\repo1.maven.org\\maven2\\org\\scala-lang\\scaladoc_3\\3.7.3\\scaladoc_3-3.7.3.jar",
                "C:\\Users\\Mateusz\\AppData\\Local\\Coursier\\Cache\\v1\\https\\repo1.maven.org\\maven2\\org\\scala-lang\\scala3-tasty-inspector_3\\3.7.3\\scala3-tasty-inspector_3-3.7.3.jar",
                "C:\\Users\\Mateusz\\AppData\\Local\\Coursier\\Cache\\v1\\https\\repo1.maven.org\\maven2\\com\\vladsch\\flexmark\\flexmark\\0.62.2\\flexmark-0.62.2.jar",
                "C:\\Users\\Mateusz\\AppData\\Local\\Coursier\\Cache\\v1\\https\\repo1.maven.org\\maven2\\com\\vladsch\\flexmark\\flexmark-util-ast\\0.62.2\\flexmark-util-ast-0.62.2.jar",
                "C:\\Users\\Mateusz\\AppData\\Local\\Coursier\\Cache\\v1\\https\\repo1.maven.org\\maven2\\com\\vladsch\\flexmark\\flexmark-util-data\\0.62.2\\flexmark-util-data-0.62.2.jar",
                "C:\\Users\\Mateusz\\AppData\\Local\\Coursier\\Cache\\v1\\https\\repo1.maven.org\\maven2\\com\\vladsch\\flexmark\\flexmark-util-html\\0.62.2\\flexmark-util-html-0.62.2.jar",
                "C:\\Users\\Mateusz\\AppData\\Local\\Coursier\\Cache\\v1\\https\\repo1.maven.org\\maven2\\com\\vladsch\\flexmark\\flexmark-ext-anchorlink\\0.62.2\\flexmark-ext-anchorlink-0.62.2.jar",
                "C:\\Users\\Mateusz\\AppData\\Local\\Coursier\\Cache\\v1\\https\\repo1.maven.org\\maven2\\com\\vladsch\\flexmark\\flexmark-ext-autolink\\0.62.2\\flexmark-ext-autolink-0.62.2.jar",
                "C:\\Users\\Mateusz\\AppData\\Local\\Coursier\\Cache\\v1\\https\\repo1.maven.org\\maven2\\com\\vladsch\\flexmark\\flexmark-ext-emoji\\0.62.2\\flexmark-ext-emoji-0.62.2.jar",
                "C:\\Users\\Mateusz\\AppData\\Local\\Coursier\\Cache\\v1\\https\\repo1.maven.org\\maven2\\com\\vladsch\\flexmark\\flexmark-ext-gfm-strikethrough\\0.62.2\\flexmark-ext-gfm-strikethrough-0.62.2.jar",
                "C:\\Users\\Mateusz\\AppData\\Local\\Coursier\\Cache\\v1\\https\\repo1.maven.org\\maven2\\com\\vladsch\\flexmark\\flexmark-ext-gfm-tasklist\\0.62.2\\flexmark-ext-gfm-tasklist-0.62.2.jar",
                "C:\\Users\\Mateusz\\AppData\\Local\\Coursier\\Cache\\v1\\https\\repo1.maven.org\\maven2\\com\\vladsch\\flexmark\\flexmark-ext-wikilink\\0.62.2\\flexmark-ext-wikilink-0.62.2.jar",
                "C:\\Users\\Mateusz\\AppData\\Local\\Coursier\\Cache\\v1\\https\\repo1.maven.org\\maven2\\com\\vladsch\\flexmark\\flexmark-ext-tables\\0.62.2\\flexmark-ext-tables-0.62.2.jar",
                "C:\\Users\\Mateusz\\AppData\\Local\\Coursier\\Cache\\v1\\https\\repo1.maven.org\\maven2\\com\\vladsch\\flexmark\\flexmark-ext-yaml-front-matter\\0.62.2\\flexmark-ext-yaml-front-matter-0.62.2.jar",
                "C:\\Users\\Mateusz\\AppData\\Local\\Coursier\\Cache\\v1\\https\\repo1.maven.org\\maven2\\nl\\big-o\\liqp\\0.8.2\\liqp-0.8.2.jar",
                "C:\\Users\\Mateusz\\AppData\\Local\\Coursier\\Cache\\v1\\https\\repo1.maven.org\\maven2\\org\\jsoup\\jsoup\\1.17.2\\jsoup-1.17.2.jar",
                "C:\\Users\\Mateusz\\AppData\\Local\\Coursier\\Cache\\v1\\https\\repo1.maven.org\\maven2\\com\\fasterxml\\jackson\\dataformat\\jackson-dataformat-yaml\\2.15.1\\jackson-dataformat-yaml-2.15.1.jar",
                "C:\\Users\\Mateusz\\AppData\\Local\\Coursier\\Cache\\v1\\https\\repo1.maven.org\\maven2\\com\\vladsch\\flexmark\\flexmark-util-builder\\0.62.2\\flexmark-util-builder-0.62.2.jar",
                "C:\\Users\\Mateusz\\AppData\\Local\\Coursier\\Cache\\v1\\https\\repo1.maven.org\\maven2\\com\\vladsch\\flexmark\\flexmark-util-collection\\0.62.2\\flexmark-util-collection-0.62.2.jar",
                "C:\\Users\\Mateusz\\AppData\\Local\\Coursier\\Cache\\v1\\https\\repo1.maven.org\\maven2\\com\\vladsch\\flexmark\\flexmark-util-dependency\\0.62.2\\flexmark-util-dependency-0.62.2.jar",
                "C:\\Users\\Mateusz\\AppData\\Local\\Coursier\\Cache\\v1\\https\\repo1.maven.org\\maven2\\com\\vladsch\\flexmark\\flexmark-util-format\\0.62.2\\flexmark-util-format-0.62.2.jar",
                "C:\\Users\\Mateusz\\AppData\\Local\\Coursier\\Cache\\v1\\https\\repo1.maven.org\\maven2\\com\\vladsch\\flexmark\\flexmark-util-misc\\0.62.2\\flexmark-util-misc-0.62.2.jar",
                "C:\\Users\\Mateusz\\AppData\\Local\\Coursier\\Cache\\v1\\https\\repo1.maven.org\\maven2\\com\\vladsch\\flexmark\\flexmark-util-sequence\\0.62.2\\flexmark-util-sequence-0.62.2.jar",
                "C:\\Users\\Mateusz\\AppData\\Local\\Coursier\\Cache\\v1\\https\\repo1.maven.org\\maven2\\com\\vladsch\\flexmark\\flexmark-util-visitor\\0.62.2\\flexmark-util-visitor-0.62.2.jar",
                "C:\\Users\\Mateusz\\AppData\\Local\\Coursier\\Cache\\v1\\https\\repo1.maven.org\\maven2\\org\\jetbrains\\annotations\\15.0\\annotations-15.0.jar",
                "C:\\Users\\Mateusz\\AppData\\Local\\Coursier\\Cache\\v1\\https\\repo1.maven.org\\maven2\\com\\vladsch\\flexmark\\flexmark-util\\0.62.2\\flexmark-util-0.62.2.jar",
                "C:\\Users\\Mateusz\\AppData\\Local\\Coursier\\Cache\\v1\\https\\repo1.maven.org\\maven2\\org\\nibor\\autolink\\autolink\\0.6.0\\autolink-0.6.0.jar",
                "C:\\Users\\Mateusz\\AppData\\Local\\Coursier\\Cache\\v1\\https\\repo1.maven.org\\maven2\\com\\vladsch\\flexmark\\flexmark-jira-converter\\0.62.2\\flexmark-jira-converter-0.62.2.jar",
                "C:\\Users\\Mateusz\\AppData\\Local\\Coursier\\Cache\\v1\\https\\repo1.maven.org\\maven2\\org\\antlr\\antlr4-runtime\\4.7.2\\antlr4-runtime-4.7.2.jar",
                "C:\\Users\\Mateusz\\AppData\\Local\\Coursier\\Cache\\v1\\https\\repo1.maven.org\\maven2\\com\\fasterxml\\jackson\\core\\jackson-annotations\\2.15.1\\jackson-annotations-2.15.1.jar",
                "C:\\Users\\Mateusz\\AppData\\Local\\Coursier\\Cache\\v1\\https\\repo1.maven.org\\maven2\\com\\fasterxml\\jackson\\core\\jackson-core\\2.15.1\\jackson-core-2.15.1.jar",
                "C:\\Users\\Mateusz\\AppData\\Local\\Coursier\\Cache\\v1\\https\\repo1.maven.org\\maven2\\com\\fasterxml\\jackson\\core\\jackson-databind\\2.15.1\\jackson-databind-2.15.1.jar",
                "C:\\Users\\Mateusz\\AppData\\Local\\Coursier\\Cache\\v1\\https\\repo1.maven.org\\maven2\\com\\fasterxml\\jackson\\datatype\\jackson-datatype-jsr310\\2.12.1\\jackson-datatype-jsr310-2.12.1.jar",
                "C:\\Users\\Mateusz\\AppData\\Local\\Coursier\\Cache\\v1\\https\\repo1.maven.org\\maven2\\ua\\co\\k\\strftime4j\\1.0.5\\strftime4j-1.0.5.jar",
                "C:\\Users\\Mateusz\\AppData\\Local\\Coursier\\Cache\\v1\\https\\repo1.maven.org\\maven2\\org\\yaml\\snakeyaml\\2.0\\snakeyaml-2.0.jar",
                "C:\\Users\\Mateusz\\AppData\\Local\\Coursier\\Cache\\v1\\https\\repo1.maven.org\\maven2\\com\\vladsch\\flexmark\\flexmark-util-options\\0.62.2\\flexmark-util-options-0.62.2.jar",
                "C:\\Users\\Mateusz\\AppData\\Local\\Coursier\\Cache\\v1\\https\\repo1.maven.org\\maven2\\com\\vladsch\\flexmark\\flexmark-ext-ins\\0.62.2\\flexmark-ext-ins-0.62.2.jar",
                "C:\\Users\\Mateusz\\AppData\\Local\\Coursier\\Cache\\v1\\https\\repo1.maven.org\\maven2\\com\\vladsch\\flexmark\\flexmark-ext-superscript\\0.62.2\\flexmark-ext-superscript-0.62.2.jar"
            ],
            "setup": {
                "order": "mixed",
                "addLibraryToBootClasspath": false,
                "addCompilerToClasspath": false,
                "addExtraJarsToClasspath": false,
                "manageBootClasspath": false,
                "filterLibraryFromClasspath": false
            },
            "bridgeJars": [
                "C:\\Users\\Mateusz\\AppData\\Local\\Coursier\\Cache\\v1\\https\\repo1.maven.org\\maven2\\org\\scala-lang\\scala3-sbt-bridge\\3.7.3\\scala3-sbt-bridge-3.7.3.jar"
            ]
        },
        "java": {
            "options": [
                
            ]
        },
        "test": {
            "frameworks": [
                {
                    "names": [
                        "org.scalacheck.ScalaCheckFramework"
                    ]
                },
                {
                    "names": [
                        "org.specs2.runner.Specs2Framework",
                        "org.specs2.runner.SpecsFramework"
                    ]
                },
                {
                    "names": [
                        "org.specs.runner.SpecsFramework"
                    ]
                },
                {
                    "names": [
                        "org.scalatest.tools.Framework",
                        "org.scalatest.tools.ScalaTestFramework"
                    ]
                },
                {
                    "names": [
                        "com.novocode.junit.JUnitFramework"
                    ]
                },
                {
                    "names": [
                        "munit.Framework"
                    ]
                },
                {
                    "names": [
                        "zio.test.sbt.ZTestFramework"
                    ]
                },
                {
                    "names": [
                        "weaver.framework.CatsEffect"
                    ]
                },
                {
                    "names": [
                        "hedgehog.sbt.Framework"
                    ]
                }
            ],
            "options": {
                "excludes": [
                    
                ],
                "arguments": [
                    
                ]
            }
        },
        "platform": {
            "name": "jvm",
            "config": {
                "home": "C:\\Program Files\\Eclipse Adoptium\\jdk-21.0.8.9-hotspot",
                "options": [
                    "-Duser.dir=C:\\Users\\Mateusz\\Desktop\\LTH_PGK_DOD\\PGK_Labb2_Irritext\\irritext"
                ]
            },
            "mainClass": [
                
            ],
            "runtimeConfig": {
                "home": "C:\\Program Files\\Eclipse Adoptium\\jdk-21.0.8.9-hotspot",
                "options": [
                    "-Duser.dir=C:\\Users\\Mateusz\\Desktop\\LTH_PGK_DOD\\PGK_Labb2_Irritext\\irritext"
                ]
            },
            "classpath": [
                "C:\\Users\\Mateusz\\Desktop\\LTH_PGK_DOD\\PGK_Labb2_Irritext\\irritext\\.bloop\\root\\scala-3\\classes",
                "C:\\Users\\Mateusz\\AppData\\Local\\Coursier\\Cache\\v1\\https\\repo1.maven.org\\maven2\\org\\scala-lang\\scala3-library_3\\3.7.3\\scala3-library_3-3.7.3.jar",
                "C:\\Users\\Mateusz\\AppData\\Local\\Coursier\\Cache\\v1\\https\\repo1.maven.org\\maven2\\org\\scala-lang\\scala-library\\2.13.16\\scala-library-2.13.16.jar"
            ]
        },
        "resolution": {
            "modules": [
                {
                    "organization": "org.scala-lang",
                    "name": "scala3-library_3",
                    "version": "3.7.3",
                    "configurations": "default",
                    "artifacts": [
                        {
                            "name": "scala3-library_3",
                            "path": "C:\\Users\\Mateusz\\AppData\\Local\\Coursier\\Cache\\v1\\https\\repo1.maven.org\\maven2\\org\\scala-lang\\scala3-library_3\\3.7.3\\scala3-library_3-3.7.3.jar"
                        },
                        {
                            "name": "scala3-library_3",
                            "classifier": "sources",
                            "path": "C:\\Users\\Mateusz\\AppData\\Local\\Coursier\\Cache\\v1\\https\\repo1.maven.org\\maven2\\org\\scala-lang\\scala3-library_3\\3.7.3\\scala3-library_3-3.7.3-sources.jar"
                        }
                    ]
                },
                {
                    "organization": "org.scala-lang",
                    "name": "scala-library",
                    "version": "2.13.16",
                    "configurations": "default",
                    "artifacts": [
                        {
                            "name": "scala-library",
                            "path": "C:\\Users\\Mateusz\\AppData\\Local\\Coursier\\Cache\\v1\\https\\repo1.maven.org\\maven2\\org\\scala-lang\\scala-library\\2.13.16\\scala-library-2.13.16.jar"
                        },
                        {
                            "name": "scala-library",
                            "classifier": "sources",
                            "path": "C:\\Users\\Mateusz\\AppData\\Local\\Coursier\\Cache\\v1\\https\\repo1.maven.org\\maven2\\org\\scala-lang\\scala-library\\2.13.16\\scala-library-2.13.16-sources.jar"
                        }
                    ]
                }
            ]
        },
        "tags": [
            "library"
        ]
    }
}